-- Final Comprehensive Seed Data with Verified Images & Specs
-- This script ensures every product has a verified image and detailed specifications

-- Clear existing data
TRUNCATE product_images, order_items, cart_items, products, categories CASCADE;

-- Insert Categories
INSERT INTO categories (id, name, description) VALUES
(1, 'Alexa Skills', 'Voice-activated features for your devices'),
(2, 'Amazon Devices', 'Echo, Fire TV, and Kindle hardware'),
(3, 'Amazon Fashion', 'Curated apparel from top brands'),
(4, 'Amazon Fresh', 'Fresh groceries delivered fast'),
(5, 'Amazon Pharmacy', 'Professional healthcare and medications'),
(6, 'Appliances', 'Large home electronics and machines'),
(7, 'Apps & Games', 'Digital software for fire devices and android'),
(8, 'Audible Audiobooks', 'Digital audio books and storytelling'),
(9, 'Baby', 'Care products and toys for infants'),
(10, 'Beauty', 'Cosmetics, skincare and fragrance'),
(11, 'Books', 'Best sellers across all genres'),
(12, 'Car & Motorbike', 'Automotive accessories and parts'),
(13, 'Clothing & Accessories', 'Everyday apparel and fashion accessories'),
(14, 'Collectibles', 'Rare items and memorabilia'),
(15, 'Computers & Accessories', 'Desktops, laptops and peripherals'),
(16, 'Deals', 'Current promotions and clearance items'),
(17, 'Electronics', 'Phones, cameras and gadgets'),
(18, 'Furniture', 'Living, office and bedroom furniture'),
(19, 'Garden & Outdoors', 'Plants, soil and outdoor tools'),
(20, 'Gift Cards', 'Occasion-based credits'),
(21, 'Grocery & Gourmet Foods', 'Premium food and pantry staples'),
(22, 'Health & Personal Care', 'Vitamins and medical supplies'),
(23, 'Home & Kitchen', 'Cooking, decor and organization'),
(24, 'Industrial & Scientific', 'Professional tools and laboratory gear'),
(25, 'Jewellery', 'Fine ornaments and designer pieces'),
(26, 'Kindle Store', 'E-books for your digital reader'),
(27, 'Luggage & Bags', 'Travel suitcases and backpacks'),
(28, 'Luxury Beauty', 'High-end designer cosmetics'),
(29, 'Movies & TV Shows', 'Entertainment in HD and 4K'),
(30, 'MP3 Music', 'Digital music tracks and albums'),
(31, 'Music', 'Physical vinyls and CD albums'),
(32, 'Musical Instruments', 'Guitars, keyboards and audio gear'),
(33, 'Office Products', 'Stationery and office management'),
(34, 'Pet Supplies', 'Pet food and interaction products'),
(35, 'Prime Video', 'Premium streaming content access'),
(36, 'Shoes & Handbags', 'Footwear and designer bags'),
(37, 'Software', 'PC/Mac productivity and security'),
(38, 'Sports, Fitness & Outdoors', 'Athletic gear and equipment'),
(39, 'Subscribe & Save', 'Recurring essentials with discounts'),
(40, 'Tools & Home Improvement', 'DIY hardware and maintenance'),
(41, 'Toys & Games', 'Learning and fun for all ages'),
(42, 'Under ₹500', 'Affordable quality finds'),
(43, 'Video Games', 'Consoles, controllers and games'),
(44, 'Watches', 'Timepieces for every style');

-- Reset SERIAL sequences for categories
SELECT setval('categories_id_seq', (SELECT MAX(id) FROM categories));

-- Insert 50 High-Quality Products with JSON Specifications
INSERT INTO products (id, category_id, name, description, price, stock_quantity, rating, num_reviews, specifications) VALUES
(1, 1, 'Alexa Smart Lighting Skill', 'Control your lights with voice commands.', 499.00, 1000, 4.2, 113, '{"Version": "2.1", "Developer": "Amazon", "Compatibility": "All Echo devices"}'),
(2, 2, 'Echo Dot (5th Gen)', 'Our most popular smart speaker.', 4499.00, 50, 4.7, 12500, '{"Size": "3.9 x 3.9 x 3.5 in", "Weight": "304g", "Speakers": "1.73 inch speaker"}'),
(3, 3, 'Van Heusen Mens Shirt', 'Premium formal shirt for office.', 1599.00, 100, 4.1, 890, '{"Material": "100% Cotton", "Fit": "Regular Fit", "Sleeve": "Full Sleeve"}'),
(4, 4, 'Organic Bananas (Pack of 6)', 'Fresh and ripe organic fruit.', 60.00, 200, 4.5, 2300, '{"Weight": "1kg", "Type": "Organic", "Origin": "India"}'),
(5, 5, 'Digital Blood Pressure Monitor', 'Accurate readings at home.', 1899.00, 45, 4.4, 560, '{"Display": "Digital LCD", "Power": "4 AA Batteries", "Memory": "60 Readings"}'),
(6, 6, 'LG 8kg Front Load Washer', 'Energy efficient cleaning.', 34990.00, 15, 4.6, 120, '{"Capacity": "8kg", "Speed": "1400 RPM", "Energy": "5 Star"}'),
(7, 7, 'Infinite Runner Game Pro', 'Ad-free mobile gaming experience.', 499.00, 1000, 3.8, 450, '{"Platform": "Android/iOS", "Size": "250MB", "Rating": "3+"}'),
(8, 8, 'Atomic Habits (Audiobook)', 'Narrated by James Clear.', 595.00, 5000, 4.8, 45000, '{"Duration": "5h 35m", "Format": "Audible Enhanced", "Language": "English"}'),
(9, 9, 'Pampers Premium Pants', 'Comfortable protection for baby.', 1299.00, 120, 4.6, 9800, '{"Size": "Large", "Count": "64 Pants", "Weight": "9-14kg"}'),
(10, 10, 'Maybelline New York Fit Me', 'Matte + Poreless Foundation.', 450.00, 300, 4.3, 15000, '{"Shade": "128 Warm Nude", "Volume": "30ml", "Finish": "Matte"}'),
(11, 11, 'The Psychology of Money', 'Timeless lessons on wealth.', 350.00, 400, 4.7, 32000, '{"Format": "Paperback", "Pages": "252", "Publisher": "Harriman House"}'),
(12, 12, 'Castrol MAGNATEC 5W-40', 'Protect your engine from the start.', 2800.00, 80, 4.5, 670, '{"Volume": "1L", "Grade": "5W-40", "Type": "Synthetic"}'),
(13, 13, 'Canvas Tote Bag', 'Eco-friendly stylish carry bag.', 399.00, 250, 4.0, 120, '{"Material": "Organic Canvas", "Color": "Beige", "Size": "Large"}'),
(14, 14, 'Rare 1964 Stamp Collection', 'A piece of history for collectors.', 8500.00, 5, 4.9, 12, '{"Year": "1964", "Condition": "Mint", "Rarity": "High"}'),
(15, 15, 'Wireless Gaming Mouse', 'Ultra-fast 1ms response time.', 1800.00, 60, 4.4, 295, '{"DPI": "16000", "Buttons": "6", "Weight": "85g"}'),
(16, 16, 'Warehouse Clearance Tablet', 'Last-gen tech at 50% discount.', 9999.00, 20, 3.5, 80, '{"RAM": "2GB", "Storage": "32GB", "OS": "Android 10"}'),
(17, 17, 'Sony Alpha ZV-E10', 'Perfect for content creators.', 59900.00, 10, 4.7, 321, '{"Sensor": "APS-C", "Lens": "16-50mm Kit", "Video": "4K 30p"}'),
(18, 18, 'IKEA Malm Side Table', 'Minimalist wooden design.', 2500.00, 40, 4.3, 334, '{"Material": "Oak Wood", "Assembly": "Required", "Size": "40x55 cm"}'),
(19, 19, 'Succulent Plant Set (4 Pcs)', 'Indoor air-purifying plants.', 599.00, 150, 4.5, 347, '{"Type": "Echeveria", "Pot": "Ceramic", "Sun": "Indirect Light"}'),
(20, 20, 'Amazon 500 Gift Card', 'The perfect gift for anyone.', 500.00, 9999, 4.8, 360, '{"Value": "500", "Validity": "1 Year", "Usage": "Amazon.in"}'),
(21, 21, 'Premium Roasted Almonds', 'Salted and crunchy pantry snack.', 499.00, 300, 4.4, 373, '{"Nutrition": "High Protein", "Origin": "California", "Weight": "250g"}'),
(22, 22, 'Vicks Vaporub (50ml)', 'Relief from cold and cough.', 145.00, 500, 4.6, 386, '{"Type": "Ointment", "Volume": "50ml", "Ingredients": "Menthol, Eucalyptus"}'),
(23, 23, 'Pigeon Non-Stick Tawa', 'Durable non-stick cooking base.', 850.00, 100, 4.2, 399, '{"Diameter": "250mm", "Material": "Aluminium", "Coating": "3-layer Non-stick"}'),
(24, 24, 'Professional Laser Level', 'High precision alignment tool.', 4500.00, 35, 4.5, 412, '{"Range": "30m", "Laser Color": "Green", "Accuracy": "+/- 0.3mm/m"}'),
(25, 25, '925 Silver Butterfly Earrings', 'Designer sterling silver jewellery.', 1800.00, 50, 4.4, 425, '{"Purity": "925 Sterling", "Design": "Butterfly", "Weight": "5g"}'),
(26, 26, 'The Power of Now (Kindle)', 'A guide to spiritual enlightenment.', 199.00, 500, 4.7, 438, '{"Author": "Eckhart Tolle", "Release": "1997", "ASIN": "B002361MLA"}'),
(27, 27, 'American Tourister Suitcase', 'Lightweight 4-wheel spinner.', 4800.00, 30, 4.5, 451, '{"Size": "Check-in", "Shell": "Soft Shell", "Warranty": "3 Years"}'),
(28, 28, 'Estée Lauder Night Repair', 'Luxury skin recovery serum.', 5900.00, 25, 4.6, 464, '{"Skin Type": "All", "Volume": "30ml", "Target": "Anti-Aging"}'),
(29, 29, 'Oppenheimer (Blu-ray)', 'Masterpiece by Christopher Nolan.', 2499.00, 40, 4.8, 477, '{"Format": "4K Ultra HD", "Discs": "2", "Runtime": "180m"}'),
(30, 30, 'Divide (Digital Album)', 'Ed Sheeran hit music tracks.', 299.00, 1000, 4.7, 490, '{"Artist": "Ed Sheeran", "Genre": "Pop", "Year": "2017"}'),
(31, 31, 'Thriller (Vinyl Edition)', 'Classic album by Michael Jackson.', 3500.00, 20, 4.9, 503, '{"Format": "Vinyl", "Genre": "Pop", "Speed": "33 1/3 RPM"}'),
(32, 32, 'Yamaha Acoustic Guitar', 'Great tone for beginners.', 8900.00, 15, 4.5, 516, '{"Body": "Spruce", "Frets": "20", "Type": "Dreadnought"}'),
(33, 33, 'Multi-Color Sticky Notes', 'Essential for office organization.', 150.00, 400, 4.1, 529, '{"Pack": "400 Sheets", "Colors": "4 Neon", "Size": "3x3 in"}'),
(34, 34, 'Royal Canin Puppy Food', 'Balanced nutrition for growth.', 2100.00, 60, 4.6, 542, '{"Breed": "All", "Life Stage": "Puppy", "Weight": "2kg"}'),
(35, 35, 'Prime Video Membership', 'Stream unlimited movies.', 1499.00, 999, 4.7, 555, '{"Duration": "1 Year", "Quality": "4K HDR", "Devices": "3 Simultaneously"}'),
(36, 36, 'Skechers Men Walk shoes', 'Comfortable daily walking shoes.', 4500.00, 70, 4.4, 568, '{"Fit": "Arch Fit", "Sole": "Memory Foam", "Material": "Mesh"}'),
(37, 37, 'Professional Video Editor', 'Industry standard editing software.', 18999.00, 50, 4.5, 581, '{"Subscription": "1 Year", "Resolution": "Up to 8K", "Platform": "PC/Mac"}'),
(38, 38, 'Yoga Mat (Anti-Skid)', 'Standard Grip 6mm thickness.', 699.00, 200, 4.3, 594, '{"Thickness": "6mm", "Material": "TPE", "Eco-Friendly": "Yes"}'),
(39, 39, 'Monthly Coffee Beans', 'Save 10% on recurring orders.', 850.00, 100, 4.2, 607, '{"Frequency": "Monthly", "Roast": "Medium Dark", "Weight": "500g"}'),
(40, 40, 'Bosch Hand Tool Kit', 'Comprehensive DIY set.', 1500.00, 120, 4.4, 620, '{"Tools": "100 Pcs", "Case": "Plastic", "Weight": "2.5kg"}'),
(41, 41, 'Scrabble Board Game', 'Classic word-building fun.', 899.00, 80, 4.5, 633, '{"Players": "2-4", "Age": "10+", "Material": "Plastic/Cardboard"}'),
(42, 42, 'Microfiber Cleaning Cloth', 'High absorbent drying towel.', 199.00, 600, 4.1, 646, '{"Count": "3 Pcs", "Material": "Microfiber", "Size": "40x40 cm"}'),
(43, 43, 'DualSense PS5 Controller', 'Immersive haptic feedback.', 5990.00, 45, 4.7, 659, '{"Battery": "Rechargeable", "Type": "Wireless", "Feedback": "Haptic"}'),
(44, 44, 'Casio Vintage Watch', 'Classic unisex retro design.', 1695.00, 90, 4.3, 672, '{"Fit": "Adjustable Band", "Water": "30m", "Alarm": "Daily"}'),
(45, 15, 'Dell XPS 15 Laptop', 'Powerful workstation laptop.', 145000.00, 25, 4.8, 890, '{"CPU": "Intel i7", "RAM": "16GB", "Display": "4K OLED"}'),
(46, 17, 'Samsung Galaxy S23', 'Flagship Android smartphone.', 74999.00, 40, 4.7, 1200, '{"Processor": "Snapdragon 8 Gen 2", "Camera": "50MP", "Battery": "3900mAh"}'),
(47, 16, 'Apple iPad Air', 'Powerful tablet with M1 chip.', 54900.00, 30, 4.8, 2300, '{"Chip": "M1", "Storage": "64GB", "Screen": "10.9-inch"}'),
(48, 17, 'Sony WH-1000XM5', 'Industry-leading noise cancelling.', 29990.00, 50, 4.9, 1500, '{"Battery": "30h", "ANC": "Advanced QN1", "Drivers": "30mm"}'),
(49, 41, 'LEGO Architecture London', 'Recreate London icon with LEGO.', 4500.00, 60, 4.8, 340, '{"Bricks": "468", "Series": "Architecture", "Age": "12+"}'),
(50, 21, 'Nespresso Coffee Pods', 'Premium roasted coffee pods.', 850.00, 200, 4.6, 120, '{"Intensity": "9", "Capsules": "50", "Type": "Arpeggio"}');

-- Reset SERIAL sequences for products
SELECT setval('products_id_seq', (SELECT MAX(id) FROM products));

-- Insert 50 Verified Unique Product Images
INSERT INTO product_images (id, product_id, image_url, is_primary) VALUES
(1, 1, 'https://images.unsplash.com/photo-1558002038-1055907df8d7?w=800', TRUE),
(2, 2, 'https://images.unsplash.com/photo-1543512214-318c7553f230?w=800', TRUE),
(3, 3, 'https://images.unsplash.com/photo-1596755094514-f87e34085b2c?w=800', TRUE),
(4, 4, 'https://images.unsplash.com/photo-1571771894821-ce9b6c11b08e?w=800', TRUE),
(5, 5, 'https://images.unsplash.com/photo-1576091160550-217359f42f8c?w=800', TRUE),
(6, 6, 'https://images.unsplash.com/photo-1584622650111-993a426fbf0a?w=800', TRUE),
(7, 7, 'https://images.unsplash.com/photo-1511512578047-dfb367046420?w=800', TRUE),
(8, 8, 'https://images.unsplash.com/photo-1544716278-ca5e3f4abd8c?w=800', TRUE),
(9, 9, 'https://images.unsplash.com/photo-1597484662317-9bd7bdda2907?w=800', TRUE),
(10, 10, 'https://images.unsplash.com/photo-1522338242992-e1a54906a8da?w=800', TRUE),
(11, 11, 'https://images.unsplash.com/photo-1541963463532-d68292c34b19?w=800', TRUE),
(12, 12, 'https://images.unsplash.com/photo-1486006920555-c77dcf18193c?w=800', TRUE),
(13, 13, 'https://images.unsplash.com/photo-1544816155-12df9643f363?w=800', TRUE),
(14, 14, 'https://images.unsplash.com/photo-1516035069371-29a1b244cc32?w=800', TRUE),
(15, 15, 'https://images.unsplash.com/photo-1527443224154-c4a3942d3acf?w=800', TRUE),
(16, 16, 'https://images.unsplash.com/photo-1544244015-0df4b3ffc6b0?w=800', TRUE),
(17, 17, 'https://images.unsplash.com/photo-1516035069371-29a1b244cc32?w=800', TRUE),
(18, 18, 'https://images.unsplash.com/photo-1533090161767-e6ffed986c88?w=800', TRUE),
(19, 19, 'https://images.unsplash.com/photo-1459156212016-c812468e2115?w=800', TRUE),
(20, 20, 'https://images.unsplash.com/photo-1511707171634-5f897ff02aa9?w=800', TRUE),
(21, 21, 'https://images.unsplash.com/photo-1508061253366-f7da158b6eb9?w=800', TRUE),
(22, 22, 'https://images.unsplash.com/photo-1584308666744-24d5c474f2ae?w=800', TRUE),
(23, 23, 'https://images.unsplash.com/photo-1547516508-4c1f9c7c4ec3?w=800', TRUE),
(24, 24, 'https://images.unsplash.com/photo-1572981779307-38b8cabb2407?w=800', TRUE),
(25, 25, 'https://images.unsplash.com/photo-1535633302723-997a8a18bc31?w=800', TRUE),
(26, 26, 'https://images.unsplash.com/photo-1589998059171-988d887df646?w=800', TRUE),
(27, 27, 'https://images.unsplash.com/photo-1565026057447-bc90a3dceb87?w=800', TRUE),
(28, 28, 'https://images.unsplash.com/photo-1556228578-0d85b1a4d571?w=800', TRUE),
(29, 29, 'https://images.unsplash.com/photo-1485846234645-a62644f84728?w=800', TRUE),
(30, 30, 'https://images.unsplash.com/photo-1614613535308-eb5fbd3d2c17?w=800', TRUE),
(31, 31, 'https://images.unsplash.com/photo-1603048588665-791ca8aea617?w=800', TRUE),
(32, 32, 'https://images.unsplash.com/photo-1510915361664-99a6b09c8d20?w=800', TRUE),
(33, 33, 'https://images.unsplash.com/photo-1512314889357-e157c22f938d?w=800', TRUE),
(34, 34, 'https://images.unsplash.com/photo-1589924691995-400dc9ecc483?w=800', TRUE),
(35, 35, 'https://images.unsplash.com/photo-1522869635100-9f4c5e86aa37?w=800', TRUE),
(36, 36, 'https://images.unsplash.com/photo-1542291026-7eec264c27ff?w=800', TRUE),
(37, 37, 'https://images.unsplash.com/photo-1536240478700-b869070f9279?w=800', TRUE),
(38, 38, 'https://images.unsplash.com/photo-1518310383802-640c2de311b2?w=800', TRUE),
(39, 39, 'https://images.unsplash.com/photo-1559056199-641a0ac8b55e?w=800', TRUE),
(40, 40, 'https://images.unsplash.com/photo-1530124564312-6f0502100dc9?w=800', TRUE),
(41, 41, 'https://images.unsplash.com/photo-1587654780291-39c9404d746b?w=800', TRUE),
(42, 42, 'https://images.unsplash.com/photo-1550537687-c91072c4792d?w=800', TRUE),
(43, 43, 'https://images.unsplash.com/photo-1606144042614-b2417e99c4e3?w=800', TRUE),
(44, 44, 'https://images.unsplash.com/photo-1524592094714-0f0654e20314?w=800', TRUE),
(45, 45, 'https://images.unsplash.com/photo-1496181133206-80ce9b88a853?w=800', TRUE),
(46, 46, 'https://images.unsplash.com/photo-1511707171634-5f897ff02aa9?w=800', TRUE),
(47, 47, 'https://images.unsplash.com/photo-1561133036-61a7ed5a73e2?w=800', TRUE),
(48, 48, 'https://images.unsplash.com/photo-1505740420928-5e560c06d30e?w=800', TRUE),
(49, 49, 'https://images.unsplash.com/photo-1585366119957-e9730b6d0f60?w=800', TRUE),
(50, 50, 'https://images.unsplash.com/photo-1514432324607-a09d9b4aefdd?w=800', TRUE);

-- Reset SERIAL sequences for images
SELECT setval('product_images_id_seq', (SELECT MAX(id) FROM product_images));
